totalreaddepth,refreaddepth,altreaddepth,variantallelefreq.1kg,minorallelefreq,RefAlt,mostsevereconsequence
1134,480,652,0.4938,0.4938,5,9
3456,3430,26,0.0042,0.0042,8,13
1150,696,454,0.3437,0.3437,10,9
2810,278,2532,0.7474,0.2526,9,1
2994,376,2618,0.7474,0.2526,1,9
3772,1950,1818,0.6472,0.3528,3,7
2000,1002,998,0.6148,0.3852,8,9
184,108,74,0.3602,0.3602,7,7
1332,646,686,0.3405,0.3405,10,1
5078,2724,2354,0.106,0.106,10,9
1466,728,738,0.107,0.107,10,7
1802,930,872,0.7276,0.2724,8,9
1546,858,688,0.5178,0.4822,8,1
2378,1322,1054,0.5238,0.4762,9,1
1530,828,702,0.5062,0.4938,1,1
1964,1408,556,0.0971,0.0971,1,11
2030,1236,794,0.2883,0.2883,10,11
5636,16,5620,0.491,0.491,8,7
2690,1440,1250,0.0595,0.0595,10,1
4658,2460,2198,0.4002,0.4002,1,1
1508,798,710,0.5917,0.4083,8,14
1222,660,562,0.1655,0.1655,10,7
1474,786,688,0.2206,0.2206,10,1
2702,1446,1256,0.2286,0.2286,1,1
2718,1416,1302,0.5475,0.4525,10,1
4182,2272,1908,0.7005,0.2995,1,1
994,478,516,0.6396,0.3604,8,1
4878,2444,2434,0.0068,0.0068,10,1
1302,652,650,0.3494,0.3494,1,1
3184,1548,1634,0.0026,0.0026,1,1
2096,1096,1000,0.4886,0.4886,8,1
1618,808,810,0.3363,0.3363,10,1
618,352,266,0.5479,0.4521,1,7
1968,1000,968,0.5317,0.4683,8,7
1840,960,880,0.4641,0.4641,12,7
774,416,358,0.627,0.373,8,11
2724,1472,1252,0.7398,0.2602,10,7
3418,1988,1428,0.5711,0.4289,12,5
5620,2972,2644,0.5777,0.4223,2,9
2122,1126,996,0.0174,0.0174,1,16
1788,1026,762,0.1132,0.1132,1,7
3474,1850,1622,0.118,0.118,5,9
2376,974,1402,0.3105,0.3105,1,9
1920,1050,870,0.5925,0.4075,8,1
1988,1082,906,0.2464,0.2464,8,1
1310,710,600,0.01,0.01,10,9
3528,1880,1644,0.0413,0.0413,10,1
3030,1588,1442,0.01,0.01,1,9
4188,2130,2058,0.019,0.019,1,9
2094,2074,20,2.00E-04,2.00E-04,1,1
1054,498,556,4.00E-04,4.00E-04,8,14
1358,754,604,0.5014,0.4986,11,7
1936,956,980,0.8369,0.1631,8,9
2944,1652,1292,0.517,0.483,3,8
3846,2084,1762,0.0244,0.0244,8,9
3538,1838,1700,0.0244,0.0244,1,9
4076,2064,2012,0.0379,0.0379,8,9
3770,2018,1750,0.4988,0.4988,9,6
480,206,274,0.5964,0.4036,6,9
2594,1400,1194,0.3003,0.3003,8,7
1872,964,906,0.2137,0.2137,6,9
2334,1154,1180,0.2149,0.2149,9,9
1018,520,498,0.004,0.004,10,1
3338,1744,1594,0.3163,0.3163,12,5
1760,996,762,0.5461,0.4539,7,5
2008,1094,914,0.5461,0.4539,8,5
3462,3436,24,2.00E-04,2.00E-04,1,9
1812,920,876,0.2502,0.2502,7,7
4066,2044,2022,0.3458,0.3458,8,1
3162,1634,1528,0.3726,0.3726,9,1
2516,1300,1216,0.4026,0.4026,1,13
2784,1364,1420,0.4042,0.4042,10,7
1986,1050,936,0.0511,0.0511,9,7
4588,2282,2306,0.5551,0.4449,5,1
2054,1028,1026,0.4621,0.4621,10,7
1140,568,572,0.1386,0.1386,9,10
5530,3088,2440,0.2191,0.2191,9,7
2338,1246,1092,0.3205,0.3205,9,10
2746,1492,1254,0.4539,0.4539,8,11
3338,1768,1568,0.1272,0.1272,2,7
1256,686,570,0.0835,0.0835,6,7
1090,570,518,0.0349,0.0349,5,9
858,458,398,0.1254,0.1254,6,10
658,336,322,8.00E-04,8.00E-04,3,10
3718,1974,1742,0.0883,0.0883,1,1
2978,1572,1406,0.1871,0.1871,9,5
4318,1886,2432,0.133,0.133,1,11
1730,970,760,0.5078,0.4922,11,9
1096,594,502,0.3243,0.3243,5,13
1988,1036,952,0.1917,0.1917,1,7
4706,2482,2224,0.4301,0.4301,5,12
3746,1996,1750,0.4215,0.4215,9,9
2156,1144,1010,0.3165,0.3165,5,16
2092,1040,1052,0.8229,0.1771,8,1
4892,2394,2498,0.1761,0.1761,2,1
1952,1074,878,0.5439,0.4561,1,7
3104,1538,1566,0.2474,0.2474,1,9
230,104,126,0.394,0.394,1,1
2822,1270,1552,0.0685,0.0685,9,7
2342,1298,1044,0.383,0.383,9,6
2928,1768,1160,0.3371,0.3371,10,6
2854,1716,1138,0.3596,0.3596,9,6
1636,956,680,0.2035,0.2035,8,7
5382,2656,2724,0.644,0.356,1,5
4272,2154,2116,0.0032,0.0032,1,9
4396,2350,2046,0.4038,0.4038,8,7
3902,2066,1836,0.3824,0.3824,1,9
3190,1712,1478,0.0032,0.0032,10,7
1540,856,684,0.0781,0.0781,4,7
4328,2154,2174,0.471,0.471,7,1
4242,2194,2048,0.6354,0.3646,9,1
2862,2844,18,4.00E-04,4.00E-04,1,9
11326,6036,5288,0.2869,0.2869,10,9
9234,8646,588,0.1819,0.1819,7,9
1142,488,654,0.3614,0.3614,7,9
938,908,30,0.2564,0.2564,10,9
3786,30,3756,0.2905,0.2905,5,9
3872,14,3858,0.4471,0.4471,8,1
3710,136,3564,0.5142,0.4858,7,9
8874,4842,4032,0.2875,0.2875,10,1
9118,4952,4166,0.025,0.025,1,9
8394,12,8380,0.3425,0.3425,8,9
9272,4974,4294,0.0248,0.0248,10,1
5972,128,5844,0.3305,0.3305,7,9
9108,9044,64,0.3672,0.3672,8,1
11950,9886,2064,0.3438,0.3438,12,9
11826,9382,2442,0.3281,0.3281,8,1
12018,7916,4096,0.0248,0.0248,3,9
10950,10162,784,0.3135,0.3135,2,9
9558,4976,4582,0.2875,0.2875,10,9
9640,4910,4728,0.025,0.025,1,9
8852,4652,4200,0.025,0.025,3,9
12420,7448,4972,0.2875,0.2875,1,9
8012,4542,3466,0.2877,0.2877,1,9
7488,4340,3148,0.2967,0.2967,10,9
9616,4976,4640,0.025,0.025,1,9
8950,4782,4168,0.0248,0.0248,6,9
8896,4472,4420,0.2871,0.2871,3,9
9054,4878,4172,0.025,0.025,8,1
8510,4474,4036,0.2877,0.2877,10,9
9486,118,9366,0.5341,0.4659,6,9
10464,5500,4964,0.034,0.034,6,9
9246,5306,3940,8.00E-04,8.00E-04,10,9
9826,5334,4488,0.025,0.025,3,9
8344,12,8332,0.4641,0.4641,9,9
8610,4930,3680,0.2871,0.2871,10,9
7912,4042,3868,0.0056,0.0056,3,1
2028,1012,1016,0.2626,0.2626,8,11
4954,2664,2290,2.00E-04,2.00E-04,5,6
2174,1142,1032,0.263,0.263,9,9
3208,1496,1712,0.257,0.257,10,9
3378,1878,1498,8.00E-04,8.00E-04,7,1
406,248,158,4.00E-04,4.00E-04,8,1
2158,1150,1008,0.6178,0.3822,10,1
4488,2294,2192,0.6735,0.3265,8,1
3698,1962,1736,0.7798,0.2202,1,16
6858,3628,3230,0.78,0.22,7,9
2548,1402,1146,0.4499,0.4499,5,5
5996,3198,2786,0.5312,0.4688,8,8
4584,2486,2098,0.4539,0.4539,1,8
2056,1194,862,0.6056,0.3944,9,1
1874,1138,736,0.4537,0.4537,9,7
1682,842,840,0.3666,0.3666,10,7
2656,1372,1284,0.4071,0.4071,1,9
1678,828,850,0.0038,0.0038,1,13
816,374,442,0.3962,0.3962,3,7
1048,530,518,0.3782,0.3782,7,9
3030,1550,1480,0.5713,0.4287,12,7
1536,774,762,0.5581,0.4419,5,7
1802,946,856,0.3341,0.3341,10,1
730,446,284,0.4425,0.4425,1,7
784,488,296,0.392,0.392,5,13
1950,1106,844,0.2318,0.2318,1,9
2160,1204,956,0.4511,0.4511,8,9
3648,1940,1706,0.2238,0.2238,3,1
4344,2280,2064,0.2035,0.2035,10,7
2522,1272,1248,0.3954,0.3954,8,7
3100,1534,1566,0.3924,0.3924,9,7
3520,1864,1656,0.5509,0.4491,9,7
3412,1786,1626,0.6058,0.3942,6,7
4166,2274,1892,0.0743,0.0743,7,9
328,174,154,0.478,0.478,9,10
2236,1170,1066,2.00E-04,2.00E-04,8,16
2134,1162,972,0.2292,0.2292,8,9
3772,1906,1866,0.0996,0.0996,10,9
4878,2634,2244,0.0841,0.0841,1,9
948,468,480,0.0733,0.0733,1,7
1654,894,760,0.2941,0.2941,8,1
2822,1452,1370,0.7596,0.2404,8,16
2770,1620,1150,0.127,0.127,8,1
1642,856,786,0.1272,0.1272,9,7
2166,1180,984,0.0158,0.0158,1,1
2232,1256,976,0.3051,0.3051,1,1
1110,594,516,0.3682,0.3682,9,5
1322,716,606,0.4932,0.4932,7,5
1668,850,818,0.6388,0.3612,8,11
4574,2714,1860,0.2462,0.2462,9,7
2888,1472,1416,0.639,0.361,10,7
1608,826,782,0.2772,0.2772,1,7
2838,1528,1308,0.53,0.47,9,7
2538,1316,1220,0.3383,0.3383,7,1
1106,560,546,0.7043,0.2957,9,1
3380,1832,1546,0.1955,0.1955,10,1
2458,1384,1074,0.373,0.373,8,1
1738,972,766,0.3736,0.3736,6,7
2904,1462,1442,0.365,0.365,8,7
3540,2000,1540,0.3636,0.3636,7,7
3216,1742,1474,0.3806,0.3806,10,1
1290,724,566,0.6138,0.3862,9,13
2004,1040,964,0.8123,0.1877,7,9
2594,1366,1228,0.3864,0.3864,8,16
3360,1740,1620,0.603,0.397,8,1
2302,1190,1112,0.4792,0.4792,9,1
3398,1708,1690,0.3309,0.3309,9,11
5990,3088,2900,0.2903,0.2903,8,9
5836,3188,2648,0.1402,0.1402,9,9
4756,2558,2198,0.2903,0.2903,8,7
1880,1026,854,0.738,0.262,9,7
1878,1028,850,0.7103,0.2897,8,7
3846,2032,1812,0.1911,0.1911,1,1
2812,1430,1382,0.3139,0.3139,9,11
4000,1918,2080,0.0931,0.0931,9,8
3998,2206,1792,0.3127,0.3127,12,8
2630,1378,1252,2.00E-04,2.00E-04,6,1
3460,1850,1610,0.2816,0.2816,1,1
2964,1540,1424,0.227,0.227,10,9
1542,856,686,0.1759,0.1759,1,9
1944,1098,846,0.4153,0.4153,4,9
2568,1410,1158,0.5104,0.4896,1,7
3824,1968,1856,0.2186,0.2186,1,1
2146,1156,990,0.3628,0.3628,4,16
932,530,402,0.5565,0.4435,11,13
1780,936,844,0.3359,0.3359,10,7
3112,1654,1458,0.0992,0.0992,8,9
2454,1344,1110,0.4147,0.4147,9,13
1902,960,940,0.6366,0.3634,8,7
1604,872,732,0.734,0.266,1,7
1840,1024,816,0.7576,0.2424,8,16
1742,906,836,0.7508,0.2492,4,7
1924,1022,902,0.3894,0.3894,9,1
808,482,326,0.7486,0.2514,7,9
3262,1748,1514,0.648,0.352,6,8
3634,1946,1686,0.723,0.277,3,5
3372,1846,1526,0.8217,0.1783,8,5
2886,1470,1416,0.4617,0.4617,12,7
3032,1702,1330,0.4645,0.4645,8,1
1706,914,792,0.6088,0.3912,8,10
1522,738,784,0.0955,0.0955,10,7
3696,2058,1632,0.481,0.481,6,7
2262,1166,1096,0.0156,0.0156,9,11
3630,1960,1670,0.016,0.016,9,1
3294,1664,1630,0.0174,0.0174,10,1
4498,2374,2124,0.0156,0.0156,9,1
4582,2432,2150,0.7448,0.2552,10,1
3994,2106,1888,0.1012,0.1012,9,9
3556,1936,1620,0.485,0.485,1,9
3592,1922,1670,0.0136,0.0136,9,9
2962,1572,1390,0.008,0.008,10,9
1106,572,534,0.0948,0.0948,1,1
3188,1618,1570,0.1456,0.1456,9,1
4782,2604,2178,0.4952,0.4952,1,7
3424,1844,1580,0.4665,0.4665,9,7
1272,712,558,0.2941,0.2941,1,16
3026,12,3014,0.5,0.5,8,1
3742,2172,1570,0.7766,0.2234,9,1
1958,1036,920,0.0108,0.0108,10,7
4144,2018,2126,0.5893,0.4107,2,1
538,300,238,0.8938,0.1062,6,1
5064,2728,2336,0.3195,0.3195,1,1
2108,956,1152,0.2931,0.2931,1,10
1374,722,652,0.6989,0.3011,8,10
1698,944,754,0.2726,0.2726,8,9
3724,1904,1818,0.001,0.001,6,9
3576,2006,1566,0.9625,0.0375,6,7
930,456,474,0.0691,0.0691,5,1
670,372,294,0.5028,0.4972,7,7
834,476,358,0.0681,0.0681,1,7
1294,626,668,0.1152,0.1152,6,7
4904,2586,2318,0.2943,0.2943,10,7
4670,2484,2184,0.0867,0.0867,8,1
3088,1656,1430,0.1352,0.1352,9,1
5336,2766,2570,0.5923,0.4077,8,1
2670,1430,1240,0.5911,0.4089,9,9
3912,2066,1844,0.5927,0.4073,10,9
3696,2012,1684,0.4922,0.4922,10,9
2778,1544,1234,0.7065,0.2935,8,1
356,170,186,0.0054,0.0054,7,10
1766,902,864,0.6406,0.3594,10,7
4408,2528,1880,0.3534,0.3534,7,7
4542,2664,1878,0.351,0.351,10,6
4510,2324,2186,0.0244,0.0244,10,9
2542,1436,1106,0.3596,0.3596,9,1
764,452,310,0.2268,0.2268,12,10
1082,576,504,0.2268,0.2268,9,10
2660,1430,1230,0.3097,0.3097,8,13
1848,1008,840,0.2802,0.2802,12,1
2350,1336,1014,0.5104,0.4896,5,1
2036,1274,760,0.3139,0.3139,9,1
2424,1394,1030,0.8053,0.1947,8,7
2528,1478,1050,0.3606,0.3606,9,7
3136,1702,1434,0.7899,0.2101,7,8
3328,1734,1594,0.3566,0.3566,5,8
2920,1610,1310,0.7802,0.2198,8,5
3856,2146,1710,0.1318,0.1318,7,9
3318,1816,1502,0.6164,0.3836,12,11
3914,1988,1926,0.1394,0.1394,10,1
3812,2030,1782,0.4034,0.4034,11,7
3566,1896,1670,0.1623,0.1623,3,7
1718,934,784,0.1484,0.1484,1,1
4154,2168,1986,0.0393,0.0393,7,9
3500,1880,1620,0.3293,0.3293,9,16
2868,1438,1428,0.2564,0.2564,10,1
3760,1988,1772,0.3235,0.3235,1,7
2880,1452,1428,8.00E-04,8.00E-04,10,1
2854,1368,1486,0.5615,0.4385,1,9
3622,1820,1802,0.5615,0.4385,8,9
2292,1188,1104,0.5152,0.4848,8,1
1818,968,850,0.2969,0.2969,5,13
4046,2120,1926,0.2065,0.2065,8,1
6834,3856,2978,0.1324,0.1324,1,9
3142,1556,1586,0.0377,0.0377,9,16
2322,1250,1072,0.1038,0.1038,4,16
1870,990,880,0.5365,0.4635,12,7
898,478,420,0.5274,0.4726,2,7
2370,1232,1138,0.5096,0.4904,1,1
1952,910,1042,0.2175,0.2175,9,9
4150,2290,1860,0.0961,0.0961,8,7
3920,2050,1866,0.3431,0.3431,2,7
2248,1174,1074,0.4968,0.4968,9,1
2156,1160,996,0.5887,0.4113,8,9
2838,1588,1250,0.1116,0.1116,9,6
1982,1046,936,0.3604,0.3604,8,5
1288,542,746,0.2424,0.2424,1,7
3374,1936,1438,0.6404,0.3596,3,11
2854,1650,1204,0.4008,0.4008,3,7
2082,1026,1056,0.8201,0.1799,9,7
3466,1810,1656,0.6384,0.3616,1,7
2216,1222,994,0.6376,0.3624,9,7
2120,1072,1048,0.8201,0.1799,9,1
2234,1098,1136,0.003,0.003,12,16
1886,962,924,0.2468,0.2468,10,13
2838,1608,1230,0.2184,0.2184,1,9
3684,1922,1762,0.2266,0.2266,1,16
1292,646,646,0.1352,0.1352,9,7
2772,1528,1244,0.1146,0.1146,8,1
5160,2930,2230,0.0988,0.0988,8,9
4134,2104,2030,0.0685,0.0685,8,9
5148,2632,2516,0.726,0.274,9,1
4724,2516,2208,0.6464,0.3536,8,9
2298,1122,1172,0.1615,0.1615,10,14
1592,964,628,0.5154,0.4846,12,7
1900,1054,846,0.3077,0.3077,4,11
4211,4187,22,4.00E-04,4.00E-04,1,9
3228,1710,1518,0.223,0.223,9,1
3776,2058,1718,0.7706,0.2294,8,1
5130,2698,2432,0.4593,0.4593,7,9
5056,2502,2552,0.1903,0.1903,7,1
2904,1492,1412,0.4205,0.4205,6,11
1590,928,662,0.8862,0.1138,8,1
2218,1244,974,0.4848,0.4848,8,1
4324,2782,1540,0.4864,0.4864,7,7
2742,1448,1294,0.4826,0.4826,10,7
3572,1888,1684,0.1941,0.1941,3,7
1214,636,576,4.00E-04,4.00E-04,3,13
1000,550,450,0.6693,0.3307,9,7
1300,652,648,0.6649,0.3351,1,1
2304,1284,1020,0.1799,0.1799,8,9
1746,1120,626,0.1825,0.1825,1,7
1370,692,678,0.1603,0.1603,12,7
4486,2220,2266,0.7274,0.2726,9,9
1880,1306,574,0.5098,0.4902,10,1
1838,1256,582,0.5094,0.4906,1,1
1482,942,540,0.5104,0.4896,9,7
6754,3828,2926,0.5799,0.4201,1,11
5756,16,5740,0.908,0.092,9,1
3444,1972,1472,0.5952,0.4048,1,1
720,366,354,0.8387,0.1613,9,7
1220,660,560,0.0913,0.0913,10,1
4080,2096,1982,0.2851,0.2851,6,3
3234,2086,1148,0.2802,0.2802,10,3
4552,2384,2168,0.4281,0.4281,9,9
2540,1424,1114,0.238,0.238,6,7
2446,1124,1322,0.3157,0.3157,1,7
2180,1338,842,0.2382,0.2382,6,7
1590,988,602,0.238,0.238,10,7
3252,1748,1504,0.644,0.356,10,7
2642,1580,1062,0.0904,0.0904,1,7
4672,2556,2114,0.0026,0.0026,10,9
4626,2340,2286,0.0234,0.0234,10,1
2752,1474,1278,0.145,0.145,10,7
1910,946,962,0.387,0.387,10,9
2940,1398,1542,0.4151,0.4151,9,6
2532,1392,1140,0.1542,0.1542,10,1
3670,1494,2176,0.4397,0.4397,9,7
1310,702,608,0.5433,0.4567,1,10
4180,2164,2016,0.5571,0.4429,1,11
2498,1226,1272,0.5589,0.4411,10,8
2996,1564,1432,0.4549,0.4549,10,7
3282,1728,1554,0.0084,0.0084,10,9
1770,938,832,0.3526,0.3526,2,9
1952,1074,878,0.4633,0.4633,9,9
1912,946,966,0.3279,0.3279,6,7
2386,1272,1114,0.2354,0.2354,10,1
808,408,400,0.0707,0.0707,9,7
702,424,278,0.3279,0.3279,7,10
3658,1912,1746,0.4665,0.4665,1,1
2624,1474,1150,0.8215,0.1785,8,11
4184,2306,1878,0.2658,0.2658,11,1
2084,1088,996,0.4129,0.4129,8,16
1734,950,782,0.272,0.272,11,16
5398,2924,2474,0.245,0.245,8,6
3208,1604,1602,0.3095,0.3095,4,7
4234,2162,2072,0.251,0.251,9,7
3840,2034,1806,0.1296,0.1296,8,9
5392,2894,2498,0.3093,0.3093,5,7
3932,1918,2014,0.245,0.245,10,7
5258,2664,2594,0.2901,0.2901,3,7
4330,2306,2024,0.3147,0.3147,12,7
4030,2154,1876,0.263,0.263,9,7
3600,1946,1652,0.2452,0.2452,1,7
3676,1852,1824,0.2452,0.2452,9,7
2238,1246,990,0.4804,0.4804,8,1
1860,996,864,0.3564,0.3564,9,13
4320,2440,1880,0.3532,0.3532,10,1
5170,2820,2350,0.4924,0.4924,8,1
2668,1310,1358,0.2304,0.2304,9,9
3258,1794,1462,0.1751,0.1751,10,7
1878,1064,812,0.1512,0.1512,3,16
5830,3192,2636,2.00E-04,2.00E-04,10,1
4408,2440,1968,0.8602,0.1398,9,1
2348,1264,1084,0.4191,0.4191,9,9
1942,1124,816,0.4165,0.4165,9,9
3114,1480,1634,0.4155,0.4155,10,1
1324,754,568,0.0645,0.0645,6,7
3120,1504,1616,0.4479,0.4479,8,6
3682,1950,1732,0.1254,0.1254,1,1
4076,2128,1948,0.0735,0.0735,8,1
908,438,470,0.4453,0.4453,7,9
3256,1708,1548,0.1769,0.1769,8,1
3342,1708,1634,0.1156,0.1156,8,7
3354,1722,1632,0.8243,0.1757,1,7
2840,1462,1378,0.4301,0.4301,7,1
3830,2152,1678,0.4964,0.4964,1,7
2544,1370,1174,0.9746,0.0254,3,7
3082,1820,1262,0.3912,0.3912,9,9
2736,1678,1058,0.1296,0.1296,9,1
3808,2132,1676,0.404,0.404,9,5
4606,2364,2242,0.3642,0.3642,9,7
4476,2380,2092,0.7131,0.2869,9,1
3560,1976,1584,0.5084,0.4916,8,7
3208,1610,1598,0.5343,0.4657,9,1
2682,1392,1290,0.2111,0.2111,8,1
2690,1412,1278,0.751,0.249,10,1
4244,2334,1910,0.2103,0.2103,12,1
4392,2276,2116,0.2101,0.2101,1,1
3308,1742,1566,0.2596,0.2596,1,7
3176,1850,1324,0.4523,0.4523,1,1
3518,1800,1718,0.4523,0.4523,2,7
1626,706,918,0.264,0.264,6,7
1876,1140,736,0.4519,0.4519,2,7
1966,1104,862,0.4519,0.4519,11,7
4328,2428,1898,0.4519,0.4519,10,9
3192,1754,1438,0.4519,0.4519,9,7
1500,748,752,0.4377,0.4377,8,1
4308,2438,1870,0.4519,0.4519,10,9
3958,2262,1696,0.0086,0.0086,10,1
2550,1412,1138,0.4519,0.4519,1,9
3688,1988,1700,0.5699,0.4301,1,6
3954,1960,1994,0.2843,0.2843,1,6
908,444,464,0.6052,0.3948,1,10
1752,846,906,0.3744,0.3744,8,1
1476,788,688,0.3748,0.3748,6,7
1798,980,818,0.3962,0.3962,8,1
1810,964,846,0.0074,0.0074,1,7
1370,658,712,0.0923,0.0923,2,14
3282,1538,1744,0.6328,0.3672,1,1
1496,758,738,0.146,0.146,1,10
2434,1374,1060,0.6697,0.3303,1,10
3400,1818,1582,2.00E-04,2.00E-04,1,1
4986,2726,2258,0.0094,0.0094,10,1
6154,3084,3070,0.6342,0.3658,10,1
3810,2006,1804,0.009,0.009,6,7
5610,2840,2770,0.4814,0.4814,10,1
3266,1774,1492,0.3029,0.3029,1,1
3408,1918,1490,0.0042,0.0042,1,1
6378,3512,2866,0.0048,0.0048,2,1
3508,1778,1730,0.7019,0.2981,10,16
3578,1982,1596,0.9163,0.0837,10,1
2516,1324,1192,0.0669,0.0669,8,9
2868,1488,1380,0.9814,0.0186,1,7
2980,1682,1298,0.7424,0.2576,10,1
2770,1498,1272,0.0541,0.0541,4,9
3448,1864,1584,0.8333,0.1667,9,14
1668,850,818,0.8087,0.1913,5,7
3240,1768,1472,0.2033,0.2033,1,9
2440,1220,1220,0.2875,0.2875,10,7
1974,1016,958,0.0657,0.0657,2,1
3744,1996,1748,0.3283,0.3283,5,9
3880,2026,1854,0.1745,0.1745,9,12
2402,1270,1130,0.3874,0.3874,8,7
3520,1914,1606,0.0054,0.0054,10,1
3274,1638,1636,0.0611,0.0611,1,7
2382,1282,1100,0.4004,0.4004,8,1
3132,1782,1350,0.4876,0.4876,2,10
1244,626,616,0.1238,0.1238,1,9
412,228,184,0.001,0.001,1,6
3882,2138,1744,0.4371,0.4371,6,16
2920,1582,1338,0.3179,0.3179,10,8
5386,2896,2490,0.4225,0.4225,3,6
3404,1720,1684,0.3047,0.3047,4,7
1124,1097,27,2.00E-04,2.00E-04,10,1
2488,1276,1212,0.128,0.128,1,7
3640,1906,1734,0.3518,0.3518,10,1
3778,1928,1848,0.2987,0.2987,8,1
6524,3328,3196,0.1466,0.1466,9,9
6992,3640,3352,0.2987,0.2987,8,1
6524,3450,3074,0.4996,0.4996,12,9
6796,3522,3268,0.2985,0.2985,5,1
7144,3720,3422,0.5,0.5,12,9
4510,2536,1974,0.3718,0.3718,8,7
3818,2118,1698,0.2093,0.2093,5,5
8078,4190,3888,0.8005,0.1995,5,9
7166,3604,3562,0.5595,0.4405,10,1
5792,2908,2884,0.5747,0.4253,9,9
3782,1946,1836,0.365,0.365,2,7
3104,1668,1436,0.5743,0.4257,9,7
2694,1398,1296,0.2354,0.2354,8,7
7742,4136,3606,0.0158,0.0158,8,9
6070,3124,2946,0.5443,0.4557,1,7
1658,964,692,0.4341,0.4341,6,1
1584,918,666,0.4341,0.4341,1,13
1510,808,702,0.1727,0.1727,10,9
4114,2184,1930,0.1911,0.1911,9,1
2450,1168,1282,0.3089,0.3089,1,7
2794,1574,1220,0.756,0.244,8,7
4162,2156,2004,0.8243,0.1757,8,7
1838,1032,806,0.2153,0.2153,12,7
4948,2408,2538,0.0645,0.0645,4,9
4430,2336,2094,0.1641,0.1641,6,1
2020,1024,996,0.0725,0.0725,3,7
1110,710,400,0.2929,0.2929,4,7
2450,1274,1176,0.2119,0.2119,11,9
4190,2156,2030,0.8163,0.1837,6,1
2926,1638,1288,0.4994,0.4994,8,16
2536,1436,1100,0.2426,0.2426,2,7
2590,1354,1236,0.1809,0.1809,10,13
4196,2298,1898,0.4347,0.4347,1,7
2642,1408,1234,0.5325,0.4675,12,7
3734,1874,1858,0.4239,0.4239,9,8
3920,2178,1742,0.628,0.372,1,7
2890,1574,1316,0.6566,0.3434,1,7
4988,2742,2244,0.7678,0.2322,8,1
2806,1404,1402,0.7923,0.2077,10,7
2644,1366,1278,0.4313,0.4313,8,7
4402,2224,2178,0.2348,0.2348,8,7
4708,2396,2312,0.0289,0.0289,10,1
4284,2336,1946,0.7071,0.2929,2,11
2118,1104,1014,0.1422,0.1422,1,13
2830,1446,1384,0.0787,0.0787,9,16
1452,736,716,2.00E-04,2.00E-04,1,1
1790,900,890,0.2316,0.2316,10,13
4964,2658,2304,0.9699,0.0301,9,1
2790,1644,1146,0.1224,0.1224,9,7
3430,1708,1722,0.1098,0.1098,1,9
2564,1360,1204,0.4497,0.4497,10,13
3280,1706,1574,0.1212,0.1212,8,9
3560,1896,1664,0.4501,0.4501,10,1
2618,1408,1210,0.1196,0.1196,9,1
1868,1022,846,0.121,0.121,10,7
3884,2152,1730,0.1198,0.1198,8,1
796,480,316,0.1172,0.1172,10,5
2538,1326,1212,0.4353,0.4353,1,7
1226,602,624,0.9205,0.0795,2,9
3184,1770,1414,0.7981,0.2019,9,13
2150,1178,972,0.275,0.275,9,1
2722,1490,1232,0.3738,0.3738,11,7
3796,1992,1804,0.1304,0.1304,10,1
3220,1672,1548,0.4263,0.4263,2,9
5160,2924,2236,0.4241,0.4241,10,9
4574,2442,2132,0.0643,0.0643,6,1
5394,2716,2678,0.2306,0.2306,1,9
2102,986,1116,0.3379,0.3379,10,13
2806,1440,1366,0.3844,0.3844,12,7
1824,1002,822,0.0112,0.0112,8,1
2606,1506,1100,0.3454,0.3454,1,7
3300,1784,1516,0.3353,0.3353,10,7
3356,1942,1414,0.1997,0.1997,10,1
1996,1384,612,0.5288,0.4712,9,1
2464,1410,1054,0.0567,0.0567,1,16
3884,2070,1814,0.5517,0.4483,9,6
6208,18,6190,0.892,0.108,8,1
1478,788,690,0.2348,0.2348,9,1
2046,1046,1000,0.4593,0.4593,9,7
3942,2292,1650,0.5152,0.4848,10,7
3862,2152,1710,0.386,0.386,10,1
1896,1012,884,0.4918,0.4918,8,1
2796,1542,1254,0.2847,0.2847,5,7
4452,2478,1972,0.5128,0.4872,4,9
3280,1652,1628,0.1925,0.1925,8,9
2676,1466,1210,0.4179,0.4179,8,1
3594,1830,1764,0.4161,0.4161,1,1
4514,14,4496,0.6452,0.3548,12,9
5510,2630,2880,0.2005,0.2005,9,9
5280,2852,2426,0.4219,0.4219,1,1
5266,2804,2462,0.3389,0.3389,10,9
6298,3252,3040,0.399,0.399,4,9
5430,2996,2434,0.2614,0.2614,1,9
3238,1650,1588,0.2614,0.2614,5,10
2130,1060,1070,0.387,0.387,1,3
2620,1404,1212,0.4928,0.4928,10,3
3844,2228,1612,0.2236,0.2236,5,3
3544,1834,1710,0.1831,0.1831,10,4
4028,2278,1750,0.6502,0.3498,1,7
252,145,100,0.2476,0.2476,9,10
1460,764,696,0.2474,0.2474,4,16
454,226,228,0.2474,0.2474,9,1
1288,730,558,0.2474,0.2474,9,7
2092,1200,892,0.2472,0.2472,8,7
2898,1534,1358,0.2578,0.2578,7,1
826,592,234,0.2484,0.2484,8,1
1076,338,738,0.0355,0.0355,10,7
2192,1276,916,0.3353,0.3353,1,1
2048,1202,846,0.1753,0.1753,1,9
1402,1384,18,2.00E-04,2.00E-04,10,7
1613,844,769,0.1178,0.1178,1,1
2470,1296,1174,0.2951,0.2951,8,11
2404,1292,1112,0.0335,0.0335,1,1
1944,1026,918,0.4203,0.4203,3,13
2842,1384,1458,0.6925,0.3075,9,1
2970,1624,1346,0.0174,0.0174,2,9
2638,1504,1134,0.4107,0.4107,1,7
2458,1242,1216,0.1765,0.1765,10,1
1546,768,778,0.3934,0.3934,9,1
2046,1270,776,0.0859,0.0859,3,7
1906,960,944,0.1118,0.1118,1,1
3706,2188,1518,0.0401,0.0401,10,1
2956,1584,1372,0.3518,0.3518,5,7
2690,1446,1244,0.6669,0.3331,1,9
5042,2558,2484,0.0138,0.0138,10,9
2434,1344,1090,0.1675,0.1675,5,7
666,388,278,0.1715,0.1715,10,1
1816,870,946,0.737,0.263,10,7
5162,2576,2586,0.099,0.099,12,9
5510,14,5494,0.4445,0.4445,4,9
2728,1544,1184,0.1839,0.1839,7,13
3152,1700,1452,0.4828,0.4828,5,7
3710,1928,1782,0.6528,0.3472,8,7
3786,2150,1636,0.4661,0.4661,10,7
3130,1608,1522,0.522,0.478,9,7
2550,1386,1164,0.0567,0.0567,10,5
2068,1088,980,0.0625,0.0625,8,5
3386,1708,1678,0.4916,0.4916,4,5
1830,948,882,0.4868,0.4868,9,6
3992,2040,1952,0.4866,0.4866,8,7
2800,1546,1254,0.2704,0.2704,12,7
114,52,62,0.6857,0.3143,6,1
3814,2092,1722,0.8043,0.1957,1,1
3026,1564,1462,0.0046,0.0046,1,7
4748,2538,2210,0.7083,0.2917,1,9
6036,2986,3050,0.7083,0.2917,4,1
2748,1526,1222,0.1635,0.1635,1,13
1534,824,710,0.1827,0.1827,8,13
4048,2178,1870,0.3437,0.3437,3,10
4680,2424,2256,0.4892,0.4892,11,9
3816,1948,1868,0.1428,0.1428,8,9
2542,1424,1118,0.6478,0.3522,8,7
2668,1476,1192,0.6488,0.3512,1,7
3266,1794,1472,0.6456,0.3544,10,7
1970,1026,944,0.2873,0.2873,1,7
4986,2932,2054,0.6298,0.3702,10,1
1742,876,866,0.0158,0.0158,9,10
2096,1080,1016,0.6961,0.3039,1,1
3580,2030,1550,0.4066,0.4066,8,9
2682,1584,1098,0.4066,0.4066,1,7
140,88,52,0.0517,0.0517,9,1
94,26,68,0.7686,0.2314,8,9
2076,1084,992,0.2494,0.2494,1,13
2698,1416,1280,0.9022,0.0978,8,9
3256,1778,1478,0.7202,0.2798,1,9
2298,1320,978,0.5427,0.4573,1,11
3432,1940,1492,0.2963,0.2963,10,1
4828,2482,2346,0.1779,0.1779,8,1
2122,1088,1034,0.0619,0.0619,9,6
3536,1962,1574,0.0098,0.0098,9,7
2410,1256,1154,0.0547,0.0547,10,7
3992,2040,1950,0.2462,0.2462,8,7
4324,2378,1946,0.7372,0.2628,7,7
3090,1590,1500,0.1098,0.1098,10,7
1378,626,752,0.497,0.497,8,7
3360,1776,1578,0.51,0.49,9,1
3800,1886,1914,0.6775,0.3225,1,7
6344,3442,2900,0.6182,0.3818,1,1
5402,2820,2582,0.0363,0.0363,8,1
2692,1362,1330,0.7101,0.2899,4,7
1586,814,772,0.3972,0.3972,4,15
2492,1372,1120,0.516,0.484,10,7
4592,2432,2158,0.4195,0.4195,10,9
4084,2160,1924,0.2985,0.2985,1,7
2210,1164,1046,0.3023,0.3023,1,8
2048,1022,1026,0.1534,0.1534,1,9
3440,1830,1610,0.0717,0.0717,10,7
3280,1674,1606,0.4696,0.4696,1,1
5222,2786,2436,0.4684,0.4684,12,8
4568,2414,2154,0.2967,0.2967,10,1
1938,1004,934,0.016,0.016,4,9
3418,1662,1754,0.131,0.131,8,6
2760,1604,1156,0.3902,0.3902,1,9
3158,1668,1490,0.6749,0.3251,10,1
6386,3498,2888,0.0016,0.0016,3,9
3688,1946,1742,0.1116,0.1116,8,1
3870,2318,1548,6.00E-04,6.00E-04,7,9
4490,2614,1876,0.6781,0.3219,9,1
4206,2354,1852,0.0597,0.0597,1,9
4082,2402,1680,0.0595,0.0595,1,7
1958,1012,946,0.1857,0.1857,6,16
3204,1696,1508,0.249,0.249,1,1
2720,1506,1214,0.2544,0.2544,9,7
5134,2776,2358,0.527,0.473,4,11
2864,1534,1330,0.5689,0.4311,4,7
3022,1450,1572,0.6536,0.3464,9,5
3050,1518,1532,0.6544,0.3456,8,5
980,540,440,0.7931,0.2069,10,10
2048,1114,934,0.7957,0.2043,6,9
3498,1806,1692,0.3147,0.3147,1,1
5812,2864,2944,0.2977,0.2977,5,1
4872,2332,2536,0.3742,0.3742,6,1
2580,1278,1302,0.5088,0.4912,1,1
3130,1680,1440,0.384,0.384,7,8
3216,1798,1418,0.3942,0.3942,1,7
1456,786,670,0.3874,0.3874,1,1
3452,1756,1696,0.3353,0.3353,8,1
1384,726,656,0.2853,0.2853,9,1
1154,634,520,0.2989,0.2989,9,14
2700,1440,1260,0.2364,0.2364,9,1
828,456,372,0.0184,0.0184,10,1
580,314,266,0.5757,0.4243,8,10
186,96,90,0.5745,0.4255,7,9
1846,924,922,0.5677,0.4323,10,7
3708,1660,2048,0.3425,0.3425,1,5
4424,2224,2198,0.8157,0.1843,8,1
3852,2118,1732,0.3636,0.3636,1,9
3882,2050,1832,0.4113,0.4113,1,1
4112,2112,2000,0.4026,0.4026,10,9
4528,2342,2186,0.4197,0.4197,1,1
5686,2942,2744,0.4197,0.4197,8,1
6208,3170,3036,0.4195,0.4195,10,1
6074,3184,2890,0.4195,0.4195,1,1
6644,3446,3198,0.4199,0.4199,8,9
6924,3634,3290,0.4179,0.4179,1,9
5302,2746,2556,0.0078,0.0078,8,9
4450,2260,2190,0.0511,0.0511,10,1
2520,1260,1256,0.1977,0.1977,8,7
3916,2078,1836,0.1977,0.1977,9,1
1682,846,836,0.2009,0.2009,1,7
1444,762,682,0.4421,0.4421,9,7
4232,2378,1854,0.4097,0.4097,9,1
3100,1636,1464,0.3277,0.3277,10,7
1996,974,1022,0.1216,0.1216,5,1
2356,1250,1106,0.3854,0.3854,8,1
1694,896,798,0.3293,0.3293,1,7
1782,946,836,0.3954,0.3954,1,1
3874,2082,1790,0.0052,0.0052,1,5
3074,1712,1362,0.5337,0.4663,8,5
2184,1098,1086,0.6424,0.3576,8,8
5180,2630,2550,0.7554,0.2446,10,10
3150,1626,1524,0.7686,0.2314,8,10
5072,2682,2388,0.3355,0.3355,8,5
1244,620,618,0.776,0.224,12,1
4322,2308,2012,0.8073,0.1927,10,9
1336,710,626,0.8071,0.1929,10,1
1372,728,644,0.7019,0.2981,10,14
1816,940,876,0.7853,0.2147,8,16
6124,3146,2978,0.0134,0.0134,9,1
4076,12,4058,0.108,0.108,6,1
2648,1414,1234,0.2286,0.2286,8,7
4880,2460,2420,0.1659,0.1659,10,1
2500,1394,1106,0.2288,0.2288,1,9
2024,1018,1006,0.0399,0.0399,12,11
2930,1564,1366,0.7484,0.2516,8,11
2336,1210,1126,0.2404,0.2404,1,1
694,366,328,0.7021,0.2979,12,7
2466,1208,1254,0.1717,0.1717,7,7
4220,2262,1958,0.495,0.495,9,6
2780,1564,1216,0.4952,0.4952,7,6
4466,2412,2052,0.5427,0.4573,6,8
4142,2116,2026,0.482,0.482,12,6
672,336,336,0.0433,0.0433,6,10
2294,1152,1142,0.3914,0.3914,3,10
2382,1244,1138,0.3496,0.3496,9,5
2074,1316,758,0.0603,0.0603,1,6
1948,1252,696,0.0639,0.0639,12,6
1634,1086,548,0.3203,0.3203,9,6
3380,1988,1388,0.3706,0.3706,5,5
258,102,156,0.2061,0.2061,1,9
1330,682,648,0.1909,0.1909,10,1
2612,1470,1142,0.5323,0.4677,10,8
2588,1322,1266,0.8488,0.1512,9,1
3528,2016,1512,0.8656,0.1344,8,1
3060,1744,1314,0.1288,0.1288,1,7
916,514,402,0.4421,0.4421,8,7
1312,710,602,0.5849,0.4151,1,1
1006,670,334,0.5851,0.4149,5,7
2208,1260,944,0.753,0.247,1,1
1436,730,706,0.3478,0.3478,1,7
2558,1330,1228,0.013,0.013,1,7
1420,1376,42,0.002,0.002,7,9
2764,1352,1412,0.2025,0.2025,8,11
4900,2612,2288,0.4091,0.4091,8,5
3244,1708,1536,2.00E-04,2.00E-04,10,1
1558,1098,456,0.5333,0.4667,12,10
1050,1020,28,0.6885,0.3115,6,13
1328,526,802,0.0907,0.0907,1,9
564,504,60,0.1787,0.1787,10,13
798,644,154,0.6611,0.3389,8,9
858,272,586,0.3027,0.3027,9,9
950,612,338,0.6498,0.3502,1,9
712,424,288,0.1564,0.1564,10,1
294,162,132,0.4832,0.4832,1,1
176,112,64,0.3391,0.3391,4,9
108,44,64,0.0176,0.0176,9,9
888,866,22,0.6863,0.3137,9,9
2096,1742,354,0.2033,0.2033,3,11
2126,1668,458,0.0851,0.0851,2,11
1844,1308,534,0.2153,0.2153,3,11
1414,522,892,0.0907,0.0907,7,11
2712,1548,1164,0.6815,0.3185,1,1
4184,2188,1996,0.6815,0.3185,4,13
3352,1920,1432,0.0799,0.0799,6,1
1702,872,830,0.0813,0.0813,1,10
2116,1090,1026,0.4219,0.4219,10,1
1582,972,610,0.0545,0.0545,1,6
1858,1314,544,0.8195,0.1805,8,1
2094,1500,594,0.5369,0.4631,10,9
1588,1396,192,0.5445,0.4555,10,9
1172,1118,54,0.3155,0.3155,9,7
1528,942,584,0.0537,0.0537,8,1
1334,836,498,0.472,0.472,8,1
804,338,466,0.2925,0.2925,9,9
766,476,290,0.4002,0.4002,1,1
70,20,50,0.8375,0.1625,4,6
92,40,52,0.7039,0.2961,5,9
3926,2028,1896,0.3291,0.3291,3,9
2450,1400,1050,0.1915,0.1915,8,9
4128,2894,1234,0.1959,0.1959,6,9
1688,942,746,0.1673,0.1673,10,1
1988,1138,848,0.2302,0.2302,6,7
1898,1070,826,0.2081,0.2081,5,7
2322,1262,1060,0.4571,0.4571,9,7
2344,1048,1296,6.00E-04,6.00E-04,1,9
1275,742,533,0.2776,0.2776,1,13
2214,1166,1048,0.8245,0.1755,1,6
3856,2226,1630,0.3203,0.3203,6,1
2808,1664,1144,0.3431,0.3431,9,9
2188,1262,926,0.2678,0.2678,10,1
3120,1560,1560,0.28,0.28,9,1
858,450,408,0.1126,0.1126,11,13
4218,2212,2006,0.2208,0.2208,8,1
934,492,442,0.0705,0.0705,1,10
5140,2542,2598,0.6863,0.3137,10,7
2398,1226,1172,0.778,0.222,4,1
1752,960,792,0.1895,0.1895,1,7
1640,988,652,0.001,0.001,10,9
1562,884,678,0.1895,0.1895,1,9
216,158,58,0.7853,0.2147,9,10
76,20,56,2.00E-04,2.00E-04,6,10
2118,1144,974,0.5453,0.4547,9,14
1500,786,714,0.023,0.023,1,1
5156,2890,2266,0.2181,0.2181,6,7
5078,2980,2096,0.2183,0.2183,6,7
1790,934,856,0.1975,0.1975,10,1
2566,1398,1168,0.1102,0.1102,10,1
630,308,322,0.4619,0.4619,10,1
4520,2300,2220,0.7869,0.2131,9,11
2076,1182,894,0.2139,0.2139,3,9
2078,1134,944,0.0439,0.0439,1,7
1274,646,628,0.2756,0.2756,12,6
2858,1536,1322,0.0319,0.0319,10,9
1522,840,682,0.2354,0.2354,10,6
962,534,428,0.0765,0.0765,10,7
1862,914,948,0.3383,0.3383,1,7
3758,2082,1674,0.366,0.366,8,7
2570,1376,1194,0.5657,0.4343,9,9
3542,1920,1622,0.5533,0.4467,9,9
3916,14,3900,0.3676,0.3676,2,7
5442,16,5426,0.3676,0.3676,10,1
3610,1776,1834,0.3546,0.3546,1,9
2446,1282,1164,0.3558,0.3558,1,9
2860,1504,1356,0.0587,0.0587,12,1
2496,1340,1156,0.1166,0.1166,2,13
1516,778,738,0.3806,0.3806,9,7
4878,2494,2384,0.0705,0.0705,1,1
3094,2768,326,2.00E-04,2.00E-04,8,7
3264,1580,1682,0.3586,0.3586,8,7
4866,2582,2280,0.61,0.39,9,1
4096,2220,1876,0.611,0.389,9,7
2690,1486,1204,0.405,0.405,10,7
3246,1702,1544,0.6114,0.3886,9,7
2588,1282,1306,0.222,0.222,9,13
2068,1136,932,0.5954,0.4046,7,13
2874,1428,1446,0.1805,0.1805,1,1
5214,2806,2404,0.4862,0.4862,1,1
3864,1988,1876,0.5082,0.4918,1,1
3920,2158,1762,0.5517,0.4483,8,1
2178,1210,968,0.0755,0.0755,1,9
1248,618,630,0.1034,0.1034,1,7
634,388,246,0.0978,0.0978,6,7
542,290,252,0.4097,0.4097,10,9
4830,2444,2386,0.4193,0.4193,10,5
5528,3134,2394,0.4495,0.4495,6,5
5396,3112,2282,0.092,0.092,8,5
3622,1808,1814,0.1034,0.1034,1,1
4038,2140,1898,0.3105,0.3105,9,1
2682,1452,1230,0.4908,0.4908,9,1
4698,2594,2104,0.7312,0.2688,10,1
4304,2088,2216,0.4691,0.4691,1,7
3262,1708,1554,0.4712,0.4712,1,7
2890,1582,1300,0.9317,0.0683,3,9
4530,2348,2182,0.0363,0.0363,1,9
4368,2246,2122,0.0837,0.0837,10,9
1366,742,624,0.2177,0.2177,9,13
1630,868,762,0.7556,0.2444,5,13
3472,1818,1654,0.4589,0.4589,10,9
656,414,242,0.1783,0.1783,9,1
3332,2044,1288,0.1364,0.1364,10,9
3104,1690,1412,0.119,0.119,12,1
2532,1302,1230,0.0867,0.0867,9,13
4238,2332,1906,0.3946,0.3946,8,13
2302,1214,1088,0.5703,0.4297,8,7
3836,2140,1696,0.5529,0.4471,1,7
2702,1376,1324,0.3922,0.3922,10,7
2716,1480,1236,0.2632,0.2632,8,13
2874,1540,1334,0.4818,0.4818,8,1
2490,1392,1098,0.2324,0.2324,8,6
3370,1822,1546,0.6084,0.3916,1,8
2692,1470,1222,0.609,0.391,8,8
3904,2080,1824,0.1396,0.1396,12,9
3600,1976,1622,0.6322,0.3678,8,1
4478,2378,2100,0.6312,0.3688,6,9
4028,2248,1778,0.5481,0.4519,5,7
3720,1898,1818,0.5483,0.4517,4,7
5834,12,5822,0.0072,0.0072,8,1
2396,1214,1182,0.4665,0.4665,9,1
2098,1088,1010,0.1887,0.1887,1,1
2724,1458,1266,0.0258,0.0258,1,9
3616,1798,1818,0.6897,0.3103,8,1
2668,1512,1156,0.3994,0.3994,7,9
2312,1272,1040,0.3395,0.3395,10,1
2656,1348,1308,0.3379,0.3379,8,7
4684,2438,2246,6.00E-04,6.00E-04,1,1
2902,1606,1294,0.5455,0.4545,5,9
3218,1714,1504,0.4683,0.4683,9,1
3388,1682,1706,0.5292,0.4708,10,13
3352,1820,1532,0.0328,0.0328,2,9
1914,1052,862,0.6072,0.3928,8,9
4148,2288,1860,0.0433,0.0433,4,9
2834,1510,1324,0.5893,0.4107,2,14
2600,1422,1176,0.0397,0.0397,3,7
3744,1834,1910,0.4952,0.4952,1,1
3652,3632,20,4.00E-04,4.00E-04,10,1
2176,1184,990,0.2644,0.2644,12,7
3168,1634,1534,0.4239,0.4239,8,1
2022,1108,910,0.4237,0.4237,1,1
3036,1746,1290,0.5775,0.4225,8,1
2526,1478,1048,0.5731,0.4269,9,7
4034,2096,1938,0.0072,0.0072,7,9
1446,748,698,0.1727,0.1727,10,7
2640,1304,1336,0.0204,0.0204,10,9
1778,1006,772,0.8762,0.1238,6,9
2870,1972,898,0.6877,0.3123,8,9
1418,756,662,0.9505,0.0495,11,7
3354,1876,1478,0.1721,0.1721,7,9
2688,1440,1248,0.2734,0.2734,8,7
4386,2324,2060,0.4333,0.4333,1,7
5230,2910,2320,0.4337,0.4337,1,8
1436,810,626,0.4245,0.4245,9,5
4180,2210,1970,0.6146,0.3854,9,1
4050,2148,1900,0.4914,0.4914,6,8
3160,1702,1458,0.491,0.491,1,8
3098,1490,1606,0.3059,0.3059,9,8
424,250,174,0.5829,0.4171,7,7
1128,562,566,0.5964,0.4036,9,1
894,456,438,0.4631,0.4631,9,1
888,424,464,0.2442,0.2442,1,7
550,316,234,0.5054,0.4946,1,7
1600,886,714,0.5605,0.4395,12,7
1462,870,590,0.102,0.102,1,1
2544,1390,1154,0.0907,0.0907,1,1
3246,1792,1454,0.7208,0.2792,10,7
2508,1464,1044,0.6915,0.3085,10,7
4402,2348,2054,0.7476,0.2524,10,1
1676,922,754,0.517,0.483,8,11
2660,1460,1200,0.3193,0.3193,9,9
3382,1792,1590,0.3299,0.3299,8,1
1300,652,648,0.0142,0.0142,9,7
3912,2064,1848,0.0218,0.0218,12,7
2720,1340,1378,0.0042,0.0042,2,8
3702,1998,1704,0.3798,0.3798,6,7
666,378,288,0.2666,0.2666,10,10
2050,1684,366,0.4493,0.4493,10,5
1980,1588,392,0.1358,0.1358,9,5
3246,1924,1322,0.4373,0.4373,9,5
2790,1516,1274,0.2829,0.2829,8,11
2830,1346,1484,0.0347,0.0347,1,11
4026,2090,1936,0.4569,0.4569,1,5
4058,2228,1830,0.4561,0.4561,8,5
2726,1486,1240,0.4561,0.4561,8,5
1596,806,788,0.0369,0.0369,1,16
3676,1930,1746,0.0012,0.0012,10,9
3644,1934,1710,0.0383,0.0383,1,1
3738,2032,1706,0.6036,0.3964,9,9
3684,2008,1676,0.0333,0.0333,1,1
1404,914,490,0.3986,0.3986,1,7
2352,1528,824,0.4006,0.4006,4,7
2644,1432,1212,0.1124,0.1124,10,1
1556,824,732,0.0228,0.0228,1,7
3054,1654,1400,0.1418,0.1418,10,1
2918,1516,1402,0.3257,0.3257,8,6
1928,1076,852,0.3335,0.3335,6,5
2656,1416,1240,0.3446,0.3446,8,7
2688,1550,1138,0.4101,0.4101,9,7
2798,1654,1144,0.4101,0.4101,8,7
2540,1438,1102,0.4103,0.4103,8,7
4608,2430,2178,0.3954,0.3954,10,8
4186,2204,1978,0.017,0.017,8,9
5778,3264,2512,0.3476,0.3476,10,1
1754,850,904,0.2494,0.2494,8,1
1820,962,858,0.3043,0.3043,10,7
1718,928,790,0.2995,0.2995,1,7
2110,1034,1076,0.1953,0.1953,1,1
3120,1734,1386,0.1703,0.1703,9,9
3324,1702,1622,0.1202,0.1202,10,13
2570,1424,1146,0.1621,0.1621,9,13
5666,3012,2652,0.0968,0.0968,5,9
6650,3468,3182,0.1526,0.1526,8,9
2582,1366,1216,0.3379,0.3379,11,7
4536,2558,1978,0.3269,0.3269,10,6
2726,1420,1306,0.0725,0.0725,9,7
3878,2062,1816,0.3399,0.3399,9,7
2506,1274,1232,0.225,0.225,9,13
2300,1266,1034,0.2228,0.2228,10,7
5092,2762,2330,0.2238,0.2238,11,9
5164,2684,2480,0.2238,0.2238,1,1
3100,1608,1488,0.2604,0.2604,3,7
4460,2364,2096,0.26,0.26,1,1
3796,1946,1850,0.2756,0.2756,1,1
3962,2280,1680,0.5757,0.4243,9,1
2234,1220,1014,0.5637,0.4363,8,1
2832,1558,1274,0.0887,0.0887,8,1
2876,1574,1302,0.3628,0.3628,1,6
1698,930,768,0.2985,0.2985,1,1
3434,1646,1788,0.3167,0.3167,8,1
172,60,112,0.5445,0.4555,1,1
782,372,410,0.5789,0.4211,10,11
804,12,790,0.2043,0.2043,3,7
3298,1704,1594,0.011,0.011,1,1
1468,752,710,0.135,0.135,12,7
2746,1438,1308,0.0134,0.0134,7,9
2868,1362,1506,0.6426,0.3574,3,7
4156,2190,1966,0.3522,0.3522,10,1
5034,2704,2330,0.3538,0.3538,1,1
3814,1958,1856,0.3546,0.3546,1,1
2026,1060,966,0.4772,0.4772,1,1
4520,2404,2116,0.1226,0.1226,2,9
2212,1396,814,0.6705,0.3295,12,9
2194,1090,1104,0.6725,0.3275,9,1
4778,2548,2230,0.509,0.491,9,7
3582,1972,1608,0.7562,0.2438,6,1
2136,1120,1016,0.1236,0.1236,10,7
464,238,226,0.3946,0.3946,12,10
1918,1896,20,2.00E-04,2.00E-04,1,9
1560,916,644,0.3275,0.3275,3,9
5264,2822,2442,0.3335,0.3335,12,1
2254,1256,996,0.36,0.36,7,7
2258,1232,1026,0.1238,0.1238,7,9
5030,2662,2368,0.348,0.348,7,7
5588,2974,2614,0.351,0.351,9,1
3348,3232,116,4.00E-04,4.00E-04,1,1
3670,562,3108,0.3966,0.3966,9,1
4084,3526,558,0.0016,0.0016,8,9
3454,3376,78,0.0032,0.0032,9,1
2408,1162,1246,2.00E-04,2.00E-04,8,7
2796,1464,1332,0.0052,0.0052,1,9
1050,544,506,0.0551,0.0551,10,11
3864,2166,1698,0.0799,0.0799,7,9
486,258,228,0.3856,0.3856,10,7
1092,538,554,0.1362,0.1362,12,9
1782,932,850,0.6084,0.3916,9,1
2098,1048,1050,0.4353,0.4353,8,7
890,484,406,0.3287,0.3287,1,7
2614,1374,1240,0.0052,0.0052,10,11
2056,2036,20,2.00E-04,2.00E-04,11,7
3350,1614,1736,0.4535,0.4535,1,9
2622,1314,1308,0.5361,0.4639,1,11
3362,1820,1542,0.738,0.262,5,5
1332,806,526,0.2514,0.2514,10,7
990,540,450,0.267,0.267,2,7
328,170,158,0.5387,0.4613,6,10
1946,980,966,0.372,0.372,1,7
1840,966,874,0.6781,0.3219,3,1
4630,2426,2204,0.0693,0.0693,5,9
4970,2684,2286,0.6448,0.3552,6,9
5180,2652,2528,0.2081,0.2081,10,1
3990,1932,2058,0.1322,0.1322,1,1
1726,850,876,0.1254,0.1254,8,6
2518,1248,1270,0.5467,0.4533,8,1
1192,628,564,0.0992,0.0992,5,1
1936,966,970,0.1336,0.1336,8,7
3480,1938,1542,0.8237,0.1763,8,10
4070,2044,2026,0.8277,0.1723,9,1
2740,1594,1146,0.2644,0.2644,9,5
4818,2338,2480,0.3974,0.3974,10,1
4426,2436,1990,0.265,0.265,1,9
2546,1374,1172,0.2654,0.2654,8,8
2756,1564,1192,0.5575,0.4425,10,8
658,364,294,0.3367,0.3367,5,7
3124,1686,1438,0.5793,0.4207,8,1
2242,1232,1010,0.2963,0.2963,10,9
3208,1660,1548,0.3628,0.3628,1,7
2288,1622,666,0.3235,0.3235,8,10
3344,2182,1162,0.3181,0.3181,9,1
3638,2418,1218,0.3115,0.3115,1,1
4314,2580,1728,0.3177,0.3177,8,1
2656,2096,560,0.3177,0.3177,10,7
2188,1176,1012,0.3866,0.3866,1,1
2978,1606,1372,0.3702,0.3702,10,16
2374,1246,1128,0.3848,0.3848,1,7
1864,1008,852,0.3646,0.3646,4,9
1646,906,740,0.4281,0.4281,10,16
1296,710,586,0.4289,0.4289,1,16
4404,2302,2102,0.254,0.254,10,10
2608,1426,1178,0.6374,0.3626,8,7
3346,1778,1568,8.00E-04,8.00E-04,7,9
1818,948,870,0.8552,0.1448,8,7
1338,710,628,0.0026,0.0026,1,9
446,228,216,0.7983,0.2017,7,1
5126,12,5114,0.3524,0.3524,7,7
1882,942,940,0.0014,0.0014,1,1
3234,1578,1656,0.0174,0.0174,10,9
1670,940,730,0.0028,0.0028,11,9
4250,2214,2036,0.1945,0.1945,1,8
3436,1748,1688,0.0589,0.0589,5,9
4748,2424,2322,0.2288,0.2288,8,5
3234,1806,1428,0.1945,0.1945,3,5
4568,2380,2188,0.2406,0.2406,9,8
3682,1994,1688,0.1098,0.1098,3,9
3172,1612,1560,0.2424,0.2424,4,7
2872,1650,1222,0.8271,0.1729,1,7
4130,2580,1550,0.5617,0.4383,5,1
4204,2618,1586,0.5617,0.4383,1,1
1724,850,872,0.2612,0.2612,7,16
1650,930,720,0.3131,0.3131,11,7
1180,640,540,0.3329,0.3329,4,7
1640,896,744,0.3327,0.3327,8,1
4700,2546,2154,0.1617,0.1617,10,1
1190,654,536,0.0499,0.0499,9,7
568,306,262,0.5755,0.4245,12,7
4994,2572,2422,0.1821,0.1821,5,9
364,212,152,0.5621,0.4379,7,1
2448,1196,1252,0.3792,0.3792,11,7
3180,1726,1452,0.3528,0.3528,9,1
2518,1410,1108,0.379,0.379,9,16
3970,2170,1800,0.6086,0.3914,8,1
3082,1818,1264,0.353,0.353,1,7
2544,1334,1210,0.357,0.357,7,9
3344,1752,1592,0.3792,0.3792,10,1
5374,2688,2684,0.4181,0.4181,8,1
3950,1878,2072,0.2494,0.2494,1,1
2564,1378,1186,0.0679,0.0679,12,1
3826,1890,1936,0.0525,0.0525,9,1
1838,1006,832,0.0569,0.0569,12,7
1134,586,548,0.5142,0.4858,9,7
2576,1392,1184,0.0028,0.0028,1,1
2898,1486,1412,0.4902,0.4902,8,9
4922,2554,2368,0.6308,0.3692,8,7
3174,1778,1396,0.258,0.258,1,7
3214,1932,1282,0.4934,0.4934,10,7
3316,2012,1304,0.528,0.472,5,13
2550,1442,1108,0.4878,0.4878,8,10
3726,1904,1822,0.3734,0.3734,1,9
3576,1860,1716,0.2228,0.2228,4,9
4560,2380,2178,0.5094,0.4906,1,1
4892,2600,2290,0.484,0.484,6,9
2872,1440,1428,0.6567,0.3433,3,11
2940,1548,1392,0.0924,0.0924,10,11
2558,1336,1222,0.2394,0.2394,5,11
3790,2822,968,0.2674,0.2674,8,8
3598,1938,1660,0.4495,0.4495,11,7
3092,1586,1506,0.4499,0.4499,8,7
1010,588,422,0.0817,0.0817,9,5
1514,888,626,0.2123,0.2123,10,5
2046,1078,968,0.0625,0.0625,1,1
4046,2254,1792,0.5206,0.4794,8,7
4502,2840,1662,0.4063,0.4063,1,7
4370,2140,2230,0.2788,0.2788,9,17
4458,2320,2138,0.5559,0.4441,1,11
2868,1624,1244,0.6134,0.3866,8,16
4954,2840,2114,0.002,0.002,8,1
3366,1840,1524,0.0158,0.0158,10,1
1544,780,762,0.4714,0.4714,10,1
2368,1208,1160,0.6735,0.3265,10,6
1546,726,820,0.4006,0.4006,1,16
1850,944,906,0.4333,0.4333,1,7
1548,844,704,0.3844,0.3844,10,9
1054,470,584,0.3946,0.3946,1,13
2566,1332,1234,0.401,0.401,10,7
2406,1326,1080,0.4477,0.4477,7,9
2656,1388,1268,0.37,0.37,1,1
448,244,204,0.5751,0.4249,9,1
376,210,166,0.6126,0.3874,7,13
1908,1022,886,0.3952,0.3952,10,7
4018,2154,1864,0.398,0.398,12,7
816,450,366,0.392,0.392,10,7
2720,1522,1198,0.5238,0.4762,8,7
1818,1030,788,0.1993,0.1993,10,10
1912,1084,828,0.4409,0.4409,10,10
1960,932,1028,0.3045,0.3045,10,10
2390,2254,136,8.00E-04,8.00E-04,4,9
2456,860,1596,0.0162,0.0162,1,1
2786,1460,1326,0.1673,0.1673,9,7
1128,12,1116,0.6761,0.3239,3,9
4614,2634,1980,0.6168,0.3832,1,1
2350,1342,1008,0.5775,0.4225,1,11
1696,904,790,0.6224,0.3776,7,13
1546,858,688,0.503,0.497,9,7
3544,1892,1652,0.1783,0.1783,8,1
2732,1470,1262,0.0677,0.0677,8,1
4322,2256,2066,0.2937,0.2937,5,7
3426,1788,1638,0.2927,0.2927,5,7
5870,3172,2690,0.2137,0.2137,3,7
1554,826,728,0.4878,0.4878,10,10
4178,2182,1996,0.1254,0.1254,4,7
2582,1424,1158,0.7772,0.2228,11,7
4800,2634,2164,0.7814,0.2186,10,7
2460,1332,1128,0.4708,0.4708,10,7
3946,2142,1804,0.0787,0.0787,1,9
2974,1558,1414,0.006,0.006,8,7
2032,1028,1004,0.8896,0.1104,10,7
7834,3792,4042,0.346,0.346,9,1
9876,5206,4670,0.1615,0.1615,10,1
3794,1928,1866,0.3213,0.3213,6,6
2620,1456,1162,0.0018,0.0018,8,1
96,52,44,0.5942,0.4058,8,1
3012,1764,1248,0.6875,0.3125,1,8
2876,1674,1202,0.6873,0.3127,8,8
1568,1372,196,0.494,0.494,8,4
2734,1384,1350,0.4956,0.4956,8,7
4340,2288,2052,0.5819,0.4181,9,7
2988,1716,1272,0.4768,0.4768,4,7
4144,2288,1856,0.5655,0.4345,10,7
2890,1536,1354,0.4874,0.4874,4,7
2700,1490,1210,0.2841,0.2841,10,1
2662,1476,1186,0.2841,0.2841,1,1
3110,1546,1562,0.3848,0.3848,5,1
2974,1616,1358,0.0961,0.0961,10,1
3728,2100,1628,0.1308,0.1308,9,1
2978,1616,1362,0.623,0.377,10,6
2840,1498,1342,0.1917,0.1917,7,13
1224,662,562,0.3161,0.3161,10,1
2914,1538,1376,0.3135,0.3135,1,9
1262,704,558,0.3934,0.3934,3,7
1300,588,712,0.1014,0.1014,7,1
2020,1098,922,0.3924,0.3924,10,1
3238,3070,168,0.8129,0.1871,9,1
2336,2276,60,0.8125,0.1875,9,9
3566,1910,1654,0.3906,0.3906,7,7
1490,872,618,0.0918,0.0918,1,1
3622,2002,1620,0.0056,0.0056,1,1
7772,7648,124,0.0297,0.0297,10,1
1936,998,936,0.0156,0.0156,11,13
1820,946,874,0.1442,0.1442,9,7
3584,2016,1568,0.3321,0.3321,8,7
2824,1510,1314,0.5383,0.4617,9,9
1886,986,900,0.1298,0.1298,10,1
2974,1664,1310,0.3568,0.3568,9,9

